id;Firstname;Lastname
1;Mario;Speedwagon
2;Petey;Cruiser
3;Anna;Sthesia
4;Paul;Molive
5;Anna;Mull
6;Gail;Forcewind
7;Paige;Turner
8;Bob;Frapples
9;Walter;Melon
10;Nick R.;Bocker
11;Barb;Ackue
12;Buck;Kinnear
13;Greta;Life
14;Ira;Membrit
15;Shonda;Leer
16;Brock;Lee
17;Maya;Didas
18;Rick;O'Shea
19;Pete;Sariya
20;Monty;Carlo
21;Sal;Monella
22;Sue;Vaneer
23;Cliff;Hanger
24;Barb;Dwyer
25;Terry;Aki
26;Cory;Ander
27;Robin;Banks
28;Jimmy;Changa
29;Barry;Wine
30;Wilma;Mumduya
31;Buster;Hyman
32;Poppa;Cherry
33;Zack;Lee
34;Don;Stairs
35;Saul T.;Balls
36;Peter;Pants
37;Hal;Appeno 
38;Otto;Matic
39;Moe;Fugga
40;Graham;Cracker
41;Tom;Foolery
42;Al;Dente
43;Bud;Wiser
44;Polly;Tech
45;Holly;Graham
46;Frank N.;Stein
47;Cam L.;Toe
48;Pat;Agonia
49;Tara;Zona
50;Barry;Cade
51;Phil;Anthropist 
52;Marvin;Gardens
53;Phil;Harmonic 
54;Arty;Ficial
55;Will;Power
56;Donatella;Nobatti
57;Juan;Annatoo
58;Stew;Gots
59;Anna;Rexia
60;Bill;Emia
61;Curt N.;Call
62;Max;Emum
63;Minnie;Mum
64;Bill;Yerds
65;Hap E.;Birthday
66;Matt;Innae
67;Polly;Science
68;Tara;Misu
69;Ed U.;Cation
70;Gerry;Atric
71;Kerry;Oaky
72;Midge;Itz
73;Gabe;Lackmen
74;Mary;Christmas
75;Dan;Druff
76;Jim;Nasium
77;Angie O.;Plasty
78;Ella;Vator
79;Sal;Vidge
80;Bart;Ender
81;Artie;Choke
82;Hans;Olo
83;Marge;Arin
84;Hugh;Briss
85;Gene;Poole
86;Ty;Tanic
87;Manuel;Labor
88;Lynn;Guini
89;Claire;Voyant
90;Peg;Leg
91;Jack E.;Sack
92;Marty;Graw
93;Ash;Wednesday
94;Olive;Yu
95;Gene;Jacket
96;Tom;Atoe
97;Doug;Out
98;Sharon;Needles
99;Beau;Tie
100;Serj;Protector
101;Marcus;Down
102;Warren;Peace
103;Bud;Jet
104;Barney;Cull
105;Marion;Gaze
106;Eric;Shun
107;Mal;Practice
108;Ed;Itorial
109;Rick;Shaw
110;Paul;Issy
111;Ben;Effit
112;Kat E.;Gory
113;Justin;Case
114;Louie Z.;Ana
115;Aaron;Ottix
116;Ty;Ballgame
117;Anne;Fibbiyon
118;Barry;Cuda
119;John;Withawind
120;Joe;Thyme
121;Mary;Goround
122;Marge;Arita
123;Frank;Senbeans
124;Bill;Dabear
125;Ray;Zindaroof
126;Adam;Zapple
127;Lewis N.;Clark
128;Matt;Schtick
129;Sue;Shee
130;Chris P.;Bacon
131;Doug Lee;Duckling
132;Mason;Protesters
133;Sil;Antro
134;Cal;Orie
135;Sara;Bellum
136;Al;Acart
137;Marv;Ellis
138;Evan;Shlee
139;Terry;Bull
140;Mort;Ission
141;Mark;Ette
142;Ken;Tucky
143;Louis;Ville
144;Colin;Oscopy
145;Fred;Attchini
146;Al;Fredo
147;Penny;Tration
148;Reed;Iculous
149;Chip;Zinsalsa
150;Matt;Uhrafact
151;Jack;Dup
152;Mike;Roscope
153;Lou;Sinclark
154;Faye;Daway
155;Javy;Cado
156;Tom;Ollie
157;Sam;Buca
158;Phil;Anderer
159;Sam;Owen
160;Mary;Achi
161;Ray;Cyst
162;Curtis E.;Flush
163;Holland;Oats
164;Helen;Highwater
165;Eddy;Kitt
166;Al;Toesacks
167;Sir Kim;Scision
168;Elle;Bowdrop
169;Yu;Tube
170;Ellis;Dee
171;Anna;Lytics
172;Sara;Bellum
173;Penny;Trate
174;Phil;Erup
175;Jenna;Side
176;Mary;Nara
177;Mick;Donalds
178;Amber;Alert
179;Vic;Tory
180;Bobby;Pin
181;Dom;Inate
182;Hugh;Miliation
183;Christian;Mingle
184;Juan;Soponatime
185;Dante;Sinferno
186;Ed;Zupp
187;Sarah;Yevo
188;Jess;Thetip
189;Arthur;Itis
190;Faye;Sbook
191;Carrie R.;Pigeon
192;Rachel;Slurs
193;Ty;Pryder
194;Cole;Slaw
195;Pat;Ernity
196;Deb;Utant
197;Luke;Warm
198;Travis;Tee
199;Clara;Fication
200;Paul;Itician
201;Deb;Utant
202;Moe;Thegrass
203;Carol;Sell
204;Scott;Schtape
205;Cody;Pendant
206;Frank;Furter
207;Barry;Dalive
208;Mort;Adella
209;Ray;Diation
210;Mack;Adamia
211;Farrah;Moan
212;Theo;Retical
213;Eda;Torial
214;Mae;O'Nayse
215;Bella;Ruse
216;Yuri;Thra
217;Tucker;Doubt
218;Cara;Larm
219;Abel;Body
220;Sal;Ami
221;Colin;Derr
222;Cathy;Derr
223;Colin;O'Scopy
224;Mel;Anoma
225;Adam;Up
226;Lou;Zing
227;Mark;Key
228;Sven;Gineer
229;Mick;Rib
230;Benny;Ficial
231;Genie;Inabottle
232;Gene;Therapy
233;Reggie;Stration
234;Lou;Ow
235;Lance;Dorporal
236;Lou;Tenant
237;Nick;Knack
238;Patty;Whack
239;Reuben;Sandwich
240;Hugo;Slavia
241;Aaron;Spacemuseum
242;Petey;Atricks
243;Dan;Delion
244;Terry;Torial
245;Cal Q.;Later
246;Jen;Trification
247;Indy;Nile
248;Ray;Volver
249;Minnie;Strone
250;Gustav;Wind
251;Paul;Samic
252;Vinny;Gret
253;Joyce;Tick
254;Cliff;Diver
255;Earl E.;Riser
256;Cooke;Edoh
257;Jen;Youfelct
258;Reanne;Carnation
259;Paul;Misunday
260;Chris P.;Cream
261;Gio;Metric
262;Caire;Innet
263;Marsha;Mello
264;Manny;Petty
265;Val;Adictorian
266;Lucy;Tania
267;Jaques;Amole
